회원ID,Column 20,"2주 
시작일","2주 
종료일","2주 
총거리(km)","2주 
최장거리(km)","2주 
평균페이스","2주 
러닝 일수","2주 
평균 케이던스","이전 
2주 총거리","지구력 
점수","롱런 
보너스","최종 지구력 
점수","스피드 
점수","꾸준함 
점수","케이던스
점수","최종
점수",랭크,"활성화
여부"
백화,,2026. 3. 23,2026. 4. 5,0.0,0.0,00:00,0,0,12.6,0,0,,0,0,0,0,-,현재시즌
JM,,2026. 3. 23,2026. 4. 5,12.0,6.3,05:33,2,180,103.2,60,29,,73,40,100,59,-,현재시즌
갤러리킴,,2026. 3. 23,2026. 4. 5,0.0,0.0,00:00,0,0,0.0,0,0,,0,0,0,0,-,현재시즌
꾸마,,2026. 3. 23,2026. 4. 5,0.0,0.0,00:00,0,0,0.0,0,0,,0,0,0,0,-,현재시즌
네모러너,,2026. 3. 23,2026. 4. 5,1.6,1.6,06:59,1,180,65.3,8,7,,54,20,100,33,-,현재시즌
런징,,2026. 3. 23,2026. 4. 5,5.3,5.3,06:14,1,166,10.0,27,25,,64,20,77,41,-,현재시즌
머룬,,2026. 3. 23,2026. 4. 5,4.5,2.0,05:20,2,162,31.1,22,9,,76,40,71,45,-,현재시즌
부개동러너,,2026. 3. 23,2026. 4. 5,0.0,0.0,00:00,0,0,15.0,0,0,,0,0,0,0,-,현재시즌
양봉,,2026. 3. 23,2026. 4. 5,0.0,0.0,00:00,0,0,13.0,0,0,,0,0,0,0,-,현재시즌
연,,2026. 3. 23,2026. 4. 5,15.8,10.8,05:24,2,161,28.4,76,50,,75,40,68,64,-,현재시즌
재형,,2026. 3. 23,2026. 4. 5,4.8,4.8,06:37,1,177,16.0,24,22,,58,20,95,40,-,현재시즌
제로,,2026. 3. 23,2026. 4. 5,0.0,0.0,00:00,0,0,16.6,0,0,,0,0,0,0,-,현재시즌
진원,,2026. 3. 23,2026. 4. 5,0.0,0.0,00:00,0,0,42.3,0,0,,0,0,0,0,-,현재시즌
키키키,,2026. 3. 23,2026. 4. 5,10.1,5.1,07:16,2,152,16.6,51,24,,50,40,53,45,-,현재시즌
혀노,,2026. 3. 23,2026. 4. 5,8.4,8.4,06:10,1,158,42.6,42,39,,64,20,63,46,-,현재시즌
멀루,,2026. 3. 23,2026. 4. 5,1.0,1.0,06:29,1,160,17.1,5,5,,60,20,67,31,-,현재시즌
익런,,2026. 3. 23,2026. 4. 5,9.0,3.0,05:56,3,156,15.2,45,14,,68,60,60,52,-,현재시즌
HappyAI,,2026. 3. 23,2026. 4. 5,0.0,0.0,00:00,0,0,15.3,0,0,,0,0,0,0,-,현재시즌
뽀기아빠,,2026. 3. 23,2026. 4. 5,10.0,10.0,04:37,1,178,15.9,50,47,,85,20,97,59,-,현재시즌
SJ,,2026. 3. 23,2026. 4. 5,5.0,5.0,05:31,1,160,5.5,25,23,,73,20,67,42,-,현재시즌
키가케이던스,,2026. 3. 23,2026. 4. 5,0.0,0.0,00:00,0,0,5.0,0,0,,0,0,0,0,-,현재시즌
배당의민족,,2026. 3. 23,2026. 4. 5,3.7,1.9,07:16,1,163,16.2,18,9,,50,20,71,32,-,현재시즌
스응민,,2026. 3. 23,2026. 4. 5,0.0,0.0,00:00,0,0,15.0,0,0,,0,0,0,0,-,현재시즌
순현,,2026. 3. 23,2026. 4. 5,12.2,5.0,09:05,3,166,21.3,61,23,,26,60,77,46,-,현재시즌
경민,,2026. 3. 23,2026. 4. 5,2.5,2.5,06:53,1,158,8.0,13,12,,55,20,63,32,-,현재시즌
찬우,,2026. 3. 23,2026. 4. 5,7.6,3.1,05:45,3,160,22.2,38,14,,70,60,67,51,-,현재시즌
백화,,2026. 3. 9,2026. 3. 22,12.6,5.0,05:50,3,144,72.0,63,23,,69,60,40,56,20,지난시즌
JM,,2026. 3. 9,2026. 3. 22,103.2,42.2,05:22,10,176,124.6,100,100,,75,100,93,92,1,지난시즌
갤러리킴,,2026. 3. 9,2026. 3. 22,0.0,0.0,00:00,0,0,0.0,0,0,,0,0,0,0,25,지난시즌
꾸마,,2026. 3. 9,2026. 3. 22,0.0,0.0,00:00,0,0,37.0,0,0,,0,0,0,0,26,지난시즌
네모러너,,2026. 3. 9,2026. 3. 22,65.3,42.2,06:01,2,163,48.2,100,100,,66,40,72,75,5,지난시즌
런징,,2026. 3. 9,2026. 3. 22,10.0,5.0,06:22,2,167,30.0,50,23,,62,40,78,50,21,지난시즌
머룬,,2026. 3. 9,2026. 3. 22,31.1,21.1,04:58,2,187,55.6,91,80,,80,40,100,77,3,지난시즌
부개동러너,,2026. 3. 9,2026. 3. 22,15.0,15.0,05:48,1,170,15.0,75,70,,69,20,83,62,12,지난시즌
양봉,,2026. 3. 9,2026. 3. 22,13.0,7.0,06:10,2,170,5.0,65,33,,64,40,83,57,19,지난시즌
연,,2026. 3. 9,2026. 3. 22,28.4,12.2,05:06,3,164,17.4,88,57,,79,60,74,74,6,지난시즌
재형,,2026. 3. 9,2026. 3. 22,16.0,6.4,06:12,3,176,16.3,76,30,,64,60,94,64,10,지난시즌
제로,,2026. 3. 9,2026. 3. 22,16.6,12.2,06:50,2,163,56.2,77,57,,56,40,71,60,15,지난시즌
진원,,2026. 3. 9,2026. 3. 22,42.3,21.2,05:36,2,177,42.3,96,80,,72,40,95,75,4,지난시즌
키키키,,2026. 3. 9,2026. 3. 22,16.6,6.0,07:29,4,168,17.1,77,28,,47,80,80,61,13,지난시즌
혀노,,2026. 3. 9,2026. 3. 22,42.6,14.0,05:45,4,173,15.5,96,65,,70,80,89,80,2,지난시즌
멀루,,2026. 3. 9,2026. 3. 22,17.1,10.0,06:09,3,150,16.1,77,47,,65,60,50,63,11,지난시즌
익런,,2026. 3. 9,2026. 3. 22,15.2,3.0,06:16,5,150,10.2,75,14,,63,100,50,65,9,지난시즌
HappyAI,,2026. 3. 9,2026. 3. 22,15.3,5.8,05:21,2,165,15.7,75,27,,75,40,76,61,14,지난시즌
뽀기아빠,,2026. 3. 9,2026. 3. 22,15.9,7.1,04:41,3,180,20.2,76,33,,84,60,100,71,7,지난시즌
SJ,,2026. 3. 9,2026. 3. 22,5.5,3.0,05:58,2,166,15.3,28,14,,67,40,77,45,22,지난시즌
키가케이던스,,2026. 3. 9,2026. 3. 22,5.0,5.0,05:51,1,167,15.1,25,23,,69,20,78,42,24,지난시즌
배당의민족,,2026. 3. 9,2026. 3. 22,16.2,9.8,06:50,2,173,15.4,76,46,,56,40,88,59,16,지난시즌
스응민,,2026. 3. 9,2026. 3. 22,15.0,8.0,06:39,2,163,8.2,75,37,,58,40,71,57,18,지난시즌
순현,,2026. 3. 9,2026. 3. 22,21.3,21.3,07:49,1,176,31.1,81,80,,42,20,93,58,17,지난시즌
경민,,2026. 3. 9,2026. 3. 22,8.0,8.0,07:00,1,166,11.7,40,37,,53,20,77,43,23,지난시즌
찬우,,2026. 3. 9,2026. 3. 22,22.2,4.3,06:12,8,155,0.0,82,20,,64,100,59,69,8,지난시즌
백화,,2026. 2. 9,2026. 2. 22,72.0,32.0,05:54,9,155,63.0,100,90,,68,100,58,85,-,과거기록
JM,,2026. 2. 9,2026. 2. 22,124.6,32.0,04:59,7,184,103.4,100,90,,80,100,100,93,-,과거기록
갤러리킴,,2026. 2. 9,2026. 2. 22,0.0,0.0,00:00,0,0,15.0,0,0,,0,0,0,0,-,과거기록
꾸마,,2026. 2. 9,2026. 2. 22,37.0,32.0,06:47,2,177,17.2,94,90,,56,40,94,71,-,과거기록
네모러너,,2026. 2. 9,2026. 2. 22,48.2,32.0,06:00,3,169,32.4,99,90,,67,60,81,78,-,과거기록
런징,,2026. 2. 9,2026. 2. 22,30.0,13.3,06:00,3,167,7.6,90,62,,67,60,78,72,-,과거기록
머룬,,2026. 2. 9,2026. 2. 22,55.6,32.0,05:40,3,186,49.6,100,90,,71,60,100,82,-,과거기록
부개동러너,,2026. 2. 9,2026. 2. 22,15.0,8.3,05:35,2,170,12.4,75,39,,72,40,83,63,-,과거기록
양봉,,2026. 2. 9,2026. 2. 22,5.0,5.0,06:28,1,172,15.0,25,23,,60,20,87,41,-,과거기록
연,,2026. 2. 9,2026. 2. 22,17.4,6.5,04:54,3,166,49.3,77,30,,81,60,77,68,-,과거기록
재형,,2026. 2. 9,2026. 2. 22,16.3,5.6,05:38,3,177,23.2,76,26,,72,60,94,66,-,과거기록
제로,,2026. 2. 9,2026. 2. 22,56.2,32.1,06:45,3,161,15.0,100,90,,57,60,68,74,-,과거기록
진원,,2026. 2. 9,2026. 2. 22,42.3,21.2,05:57,2,173,31.1,96,80,,67,40,88,73,-,과거기록
키키키,,2026. 2. 9,2026. 2. 22,17.1,7.2,06:47,3,164,4.1,77,34,,56,60,73,61,-,과거기록
혀노,,2026. 2. 9,2026. 2. 22,15.5,7.4,05:54,3,140,17.2,75,34,,68,60,33,60,-,과거기록
멀루,,2026. 2. 9,2026. 2. 22,16.1,10.6,06:14,2,169,15.1,76,50,,64,40,82,62,-,과거기록
익런,,2026. 2. 9,2026. 2. 22,10.2,3.2,06:37,3,142,21.0,51,15,,58,60,37,48,-,과거기록
HappyAI,,2026. 2. 9,2026. 2. 22,15.7,11.3,05:22,1,171,8.0,76,53,,75,20,84,62,-,과거기록
뽀기아빠,,2026. 2. 9,2026. 2. 22,20.2,5.2,04:58,5,173,25.9,80,24,,80,100,88,77,-,과거기록
SJ,,2026. 2. 9,2026. 2. 22,15.3,5.3,05:29,3,172,15.4,75,25,,74,60,87,65,-,과거기록
키가케이던스,,2026. 2. 9,2026. 2. 22,15.1,8.0,05:44,2,174,14.7,75,37,,70,40,90,62,-,과거기록
배당의민족,,2026. 2. 9,2026. 2. 22,15.4,10.1,06:08,2,175,15.5,75,47,,65,40,91,63,-,과거기록
스응민,,2026. 2. 9,2026. 2. 22,8.2,7.2,06:36,2,162,15.0,41,34,,59,40,69,48,-,과거기록
순현,,2026. 2. 9,2026. 2. 22,31.1,23.1,09:21,3,168,10.1,91,82,,22,60,81,62,-,과거기록
경민,,2026. 2. 9,2026. 2. 22,11.7,6.4,06:14,3,163,9.9,58,30,,64,60,72,57,-,과거기록
백화,,2026. 1. 26,2026. 2. 8,63.0,8.4,05:45,13,151,17.9,100,39,,70,100,52,77,-,과거기록
JM,,2026. 1. 26,2026. 2. 8,103.4,30.3,05:29,7,181,127.7,100,89,,74,100,100,90,-,과거기록
갤러리킴,,2026. 1. 26,2026. 2. 8,15.0,9.3,07:13,2,147,15.0,75,43,,50,40,44,53,-,과거기록
꾸마,,2026. 1. 26,2026. 2. 8,17.2,6.3,05:45,3,160,19.2,77,29,,70,60,67,63,-,과거기록
네모러너,,2026. 1. 26,2026. 2. 8,32.4,12.2,05:48,3,165,15.9,91,57,,69,60,76,72,-,과거기록
런징,,2026. 1. 26,2026. 2. 8,7.6,7.6,05:46,1,167,10.9,38,36,,70,20,78,48,-,과거기록
머룬,,2026. 1. 26,2026. 2. 8,49.6,21.1,05:53,6,185,31.7,100,80,,68,100,100,87,-,과거기록
부개동러너,,2026. 1. 26,2026. 2. 8,12.4,6.3,05:30,2,171,21.2,62,29,,73,40,85,58,-,과거기록
양봉,,2026. 1. 26,2026. 2. 8,15.0,7.5,06:31,2,173,14.4,75,35,,60,40,88,59,-,과거기록
연,,2026. 1. 26,2026. 2. 8,49.3,24.5,04:41,4,173,49.5,100,83,,84,80,89,88,-,과거기록
재형,,2026. 1. 26,2026. 2. 8,23.2,6.4,05:39,4,176,16.6,83,30,,71,80,93,72,-,과거기록
제로,,2026. 1. 26,2026. 2. 8,15.0,8.0,06:04,2,167,7.2,75,37,,66,40,78,60,-,과거기록
진원,,2026. 1. 26,2026. 2. 8,31.1,21.1,06:02,2,173,25.0,91,80,,66,40,88,71,-,과거기록
키키키,,2026. 1. 26,2026. 2. 8,4.1,4.1,07:00,1,168,15.5,20,19,,53,20,80,36,-,과거기록
혀노,,2026. 1. 26,2026. 2. 8,17.2,6.2,05:48,3,173,16.1,77,29,,69,60,88,65,-,과거기록
멀루,,2026. 1. 26,2026. 2. 8,15.1,10.2,06:31,3,158,15.0,75,48,,60,60,64,62,-,과거기록
익런,,2026. 1. 26,2026. 2. 8,21.0,4.0,05:45,7,155,15.0,81,19,,70,100,59,70,-,과거기록
HappyAI,,2026. 1. 26,2026. 2. 8,8.0,8.0,04:42,1,170,34.6,40,37,,84,20,83,53,-,과거기록
뽀기아빠,,2026. 1. 26,2026. 2. 8,25.9,7.0,04:45,4,174,25.8,86,33,,83,80,90,76,-,과거기록
SJ,,2026. 1. 26,2026. 2. 8,15.4,5.3,05:31,3,176,15.8,75,25,,73,60,93,66,-,과거기록
키가케이던스,,2026. 1. 26,2026. 2. 8,14.7,14.7,07:03,1,161,12.3,74,69,,53,20,68,55,-,과거기록
배당의민족,,2026. 1. 26,2026. 2. 8,15.5,10.2,06:16,2,175,0.0,76,48,,63,40,92,62,-,과거기록
스응민,,2026. 1. 26,2026. 2. 8,15.0,10.0,06:59,5,159,15.0,75,47,,54,100,65,68,-,과거기록
순현,,2026. 1. 26,2026. 2. 8,10.1,6.0,09:05,2,172,23.6,51,28,,26,40,87,41,-,과거기록
경민,,2026. 1. 26,2026. 2. 8,9.9,5.3,06:13,2,162,10.8,49,25,,64,40,70,50,-,과거기록
백화,,2026. 1. 12,2026. 1. 25,17.9,5.0,06:28,6,142,20.0,78,23,,60,100,36,65,-,과거기록
JM,,2026. 1. 12,2026. 1. 25,127.7,29.3,05:20,9,179,53.1,100,88,,76,100,98,91,-,과거기록
갤러리킴,,2026. 1. 12,2026. 1. 25,15.0,15.0,06:22,1,158,15.0,75,70,,62,20,63,58,-,과거기록
꾸마,,2026. 1. 12,2026. 1. 25,19.2,10.0,06:05,3,183,25.1,79,47,,66,60,100,69,-,과거기록
네모러너,,2026. 1. 12,2026. 1. 25,15.9,8.6,07:13,2,144,15.0,76,40,,50,40,40,52,-,과거기록
런징,,2026. 1. 12,2026. 1. 25,10.9,5.8,05:50,2,165,17.0,54,27,,69,40,74,54,-,과거기록
머룬,,2026. 1. 12,2026. 1. 25,31.7,14.5,06:11,5,181,18.1,91,67,,64,100,100,82,-,과거기록
부개동러너,,2026. 1. 12,2026. 1. 25,21.2,15.0,05:25,2,170,6.2,81,70,,74,40,83,70,-,과거기록
양봉,,2026. 1. 12,2026. 1. 25,14.4,6.5,05:55,3,173,8.9,72,30,,68,60,88,64,-,과거기록
연,,2026. 1. 12,2026. 1. 25,49.5,19.0,04:55,5,166,35.4,100,77,,81,100,77,89,-,과거기록
재형,,2026. 1. 12,2026. 1. 25,16.6,5.6,05:33,3,177,17.8,77,26,,73,60,94,66,-,과거기록
제로,,2026. 1. 12,2026. 1. 25,7.2,7.2,07:24,1,158,20.0,36,34,,48,20,63,39,-,과거기록
진원,,2026. 1. 12,2026. 1. 25,25.0,15.0,05:44,2,175,16.1,85,70,,70,40,91,70,-,과거기록
키키키,,2026. 1. 12,2026. 1. 25,15.5,6.0,06:42,3,168,15.0,75,28,,57,60,81,60,-,과거기록
혀노,,2026. 1. 12,2026. 1. 25,16.1,7.0,05:39,4,170,24.9,76,33,,71,80,83,70,-,과거기록
멀루,,2026. 1. 12,2026. 1. 25,15.0,5.2,06:19,5,161,15.1,75,24,,62,100,68,68,-,과거기록
익런,,2026. 1. 12,2026. 1. 25,15.0,8.0,05:30,3,159,15.1,75,37,,73,60,65,65,-,과거기록
HappyAI,,2026. 1. 12,2026. 1. 25,34.6,11.9,04:36,5,177,15.6,92,55,,85,100,94,86,-,과거기록
뽀기아빠,,2026. 1. 12,2026. 1. 25,25.8,5.5,04:52,5,174,16.4,86,26,,82,100,90,79,-,과거기록
SJ,,2026. 1. 12,2026. 1. 25,15.8,7.5,05:13,3,174,13.3,76,35,,77,60,90,68,-,과거기록
키가케이던스,,2026. 1. 12,2026. 1. 25,12.3,7.2,07:25,2,162,8.1,62,34,,48,40,69,50,-,과거기록
배당의민족,,2026. 1. 12,2026. 1. 25,0.0,0.0,00:00,0,0,16.9,0,0,,0,0,0,0,-,과거기록
스응민,,2026. 1. 12,2026. 1. 25,15.0,6.5,06:54,4,163,17.4,75,30,,55,80,72,63,-,과거기록
순현,,2026. 1. 12,2026. 1. 25,23.6,13.4,10:08,3,162,38.0,84,62,,12,60,69,53,-,과거기록
경민,,2026. 1. 12,2026. 1. 25,10.8,5.7,06:35,2,161,12.6,54,27,,59,40,68,50,-,과거기록
JM,최진모,2025. 12. 29,2026. 1. 11,53.1,30.0,05:20,3,179,99.0,100,89,,76,60,98,83,-,과거기록
HappyAI,김준철,2025. 12. 29,2026. 1. 11,15.6,5.6,04:38,4,176,16.4,76,26,,85,80,93,74,-,과거기록
연,김연,2025. 12. 29,2026. 1. 11,35.4,18.0,04:04,3,170,24.1,93,75,,92,60,84,83,-,과거기록
재형,김재형,2025. 12. 29,2026. 1. 11,17.8,6.2,05:27,3,172,34.0,78,29,,74,60,87,67,-,과거기록
뽀기아빠,배건일,2025. 12. 29,2026. 1. 11,16.4,7.3,05:10,3,184,12.4,76,34,,78,60,100,70,-,과거기록
머룬,정용우,2025. 12. 29,2026. 1. 11,18.1,10.0,05:16,3,193,23.3,78,47,,76,60,100,72,-,과거기록
런징,김유진,2025. 12. 29,2026. 1. 11,17.0,10.0,05:52,2,166,5.0,77,47,,68,40,77,63,-,과거기록
제로,남영우,2025. 12. 29,2026. 1. 11,20.0,14.5,06:07,2,163,54.4,80,68,,65,40,72,65,-,과거기록
익런,강성익,2025. 12. 29,2026. 1. 11,15.1,3.1,05:27,6,161,15.0,75,14,,74,100,69,70,-,과거기록
혀노,구현호,2025. 12. 29,2026. 1. 11,24.9,13.0,06:11,3,169,17.1,85,61,,64,60,82,70,-,과거기록
멀루,윤성주,2025. 12. 29,2026. 1. 11,15.1,4.4,06:58,5,165,15.0,75,21,,54,100,75,66,-,과거기록
진원,김진원,2025. 12. 29,2026. 1. 11,16.1,10.0,06:31,2,167,15.1,76,47,,60,40,78,60,-,과거기록
네모러너,최명근,2025. 12. 29,2026. 1. 11,15.0,15.0,06:04,1,174,15.1,75,70,,66,20,90,62,-,과거기록
SJ,권순재,2025. 12. 29,2026. 1. 11,13.3,10.0,05:02,2,177,15.1,67,47,,80,40,95,65,-,과거기록
키키키,김현기,2025. 12. 29,2026. 1. 11,15.0,6.2,06:49,3,170,11.8,75,29,,56,60,84,60,-,과거기록
백화,배규화,2025. 12. 29,2026. 1. 11,20.0,5.0,06:20,4,142,12.0,80,23,,62,80,37,62,-,과거기록
부개동러너,박현수,2025. 12. 29,2026. 1. 11,6.2,6.2,05:24,1,172,15.2,31,29,,75,20,87,47,-,과거기록
순현,홍순현,2025. 12. 29,2026. 1. 11,38.0,10.0,09:18,7,167,10.0,94,47,,23,100,78,65,-,과거기록
경민,편경민,2025. 12. 29,2026. 1. 11,12.6,7.1,07:13,2,145,8.0,63,33,,50,40,42,48,-,과거기록
키가케이던스,추기훈,2025. 12. 29,2026. 1. 11,8.1,8.1,06:56,1,168,15.0,40,38,,54,20,80,44,-,과거기록
꾸마,최승준,2025. 12. 29,2026. 1. 11,25.1,12.3,06:33,3,174,15.0,85,57,,59,60,91,69,-,과거기록
배당의민족,한주성,2025. 12. 29,2026. 1. 11,16.9,10.1,05:47,2,172,15.5,77,47,,70,40,87,64,-,과거기록
갤러리킴,김대성,2025. 12. 29,2026. 1. 11,15.0,15.0,05:52,1,162,16.0,75,70,,68,20,70,61,-,과거기록
양봉,김현수,2025. 12. 29,2026. 1. 11,8.9,8.9,05:59,1,170,10.9,44,41,,67,20,83,50,-,과거기록
스응민,강성민,2025. 12. 29,2026. 1. 11,17.4,8.4,06:33,5,160,15.0,77,39,,59,100,67,70,-,과거기록
JM,,2025. 12. 15,2025. 12. 28,99.0,24.0,05:27,7,173,55.5,100,83,,74,100,88,88,-,과거기록
재형,,2025. 12. 15,2025. 12. 28,34.0,6.4,05:26,6,176,22.6,92,30,,74,100,93,79,-,과거기록
HappyAI,,2025. 12. 15,2025. 12. 28,16.4,6.1,04:38,4,174,17.3,76,29,,85,80,90,74,-,과거기록
연,,2025. 12. 15,2025. 12. 28,24.1,6.9,04:35,4,172,26.3,84,32,,86,80,87,76,-,과거기록
SJ,,2025. 12. 15,2025. 12. 28,15.1,6.0,05:19,3,173,14.4,75,28,,76,60,88,67,-,과거기록
제로,,2025. 12. 15,2025. 12. 28,54.4,15.3,06:24,5,164,29.8,100,71,,61,100,73,81,-,과거기록
꾸마,,2025. 12. 15,2025. 12. 28,15.0,5.2,06:05,3,179,12.9,75,24,,66,60,98,64,-,과거기록
익런,,2025. 12. 15,2025. 12. 28,15.0,5.0,05:30,3,160,30.1,75,23,,73,60,67,63,-,과거기록
배당의민족,,2025. 12. 15,2025. 12. 28,15.5,8.0,06:12,2,178,13.0,76,37,,64,40,97,61,-,과거기록
뽀기아빠,,2025. 12. 15,2025. 12. 28,12.4,7.3,05:23,2,184,15.2,62,34,,75,40,100,61,-,과거기록
부개동러너,,2025. 12. 15,2025. 12. 28,15.2,11.1,05:35,2,167,24.0,75,52,,72,40,78,64,-,과거기록
혀노,,2025. 12. 15,2025. 12. 28,17.1,10.0,06:05,2,171,18.0,77,47,,66,40,85,63,-,과거기록
키키키,,2025. 12. 15,2025. 12. 28,11.8,5.1,06:36,3,169,15.9,59,24,,59,60,82,56,-,과거기록
진원,,2025. 12. 15,2025. 12. 28,15.1,15.1,05:56,1,175,23.0,75,70,,68,20,92,63,-,과거기록
머룬,,2025. 12. 15,2025. 12. 28,23.3,13.3,05:49,1,189,17.1,83,62,,69,20,100,65,-,과거기록
멀루,,2025. 12. 15,2025. 12. 28,15.0,8.6,06:39,2,152,15.8,75,40,,58,40,53,55,-,과거기록
갤러리킴,,2025. 12. 15,2025. 12. 28,16.0,9.0,06:04,2,163,8.2,76,42,,66,40,71,60,-,과거기록
스응민,,2025. 12. 15,2025. 12. 28,15.0,8.0,06:42,2,162,8.0,75,37,,57,40,70,57,-,과거기록
순현,,2025. 12. 15,2025. 12. 28,10.0,6.0,08:47,2,172,25.8,50,28,,30,40,86,42,-,과거기록
키가케이던스,,2025. 12. 15,2025. 12. 28,15.0,15.0,07:09,1,161,14.3,75,70,,51,20,68,56,-,과거기록
양봉,,2025. 12. 15,2025. 12. 28,10.9,10.9,05:54,1,171,6.0,54,51,,68,20,85,54,-,과거기록
런징,,2025. 12. 15,2025. 12. 28,5.0,5.0,05:05,1,166,15.0,25,23,,79,20,77,45,-,과거기록
경민,,2025. 12. 15,2025. 12. 28,8.0,8.0,06:59,1,163,20.1,40,37,,54,20,72,43,-,과거기록
네모러너,,2025. 12. 15,2025. 12. 28,15.1,7.5,07:24,2,126,21.2,75,35,,48,40,10,48,-,과거기록
백화,,2025. 12. 15,2025. 12. 28,12.0,12.0,07:43,1,133,22.1,60,56,,44,20,22,43,-,과거기록
JM,,2025. 12. 1,2025. 12. 14,55.5,19.8,05:35,5,172,0.0,100,78,,72,100,86,87,-,과거기록
HappyAI,,2025. 12. 1,2025. 12. 14,17.3,5.5,04:35,4,177,0.0,77,26,,86,80,95,74,-,과거기록
연,,2025. 12. 1,2025. 12. 14,26.3,12.8,05:24,4,168,0.0,86,60,,75,80,79,77,-,과거기록
재형,,2025. 12. 1,2025. 12. 14,22.6,6.1,05:18,4,176,0.0,83,29,,76,80,93,73,-,과거기록
뽀기아빠,,2025. 12. 1,2025. 12. 14,15.2,5.3,05:09,3,186,0.0,75,25,,78,60,100,68,-,과거기록
머룬,,2025. 12. 1,2025. 12. 14,17.1,8.6,05:40,3,187,0.0,77,40,,71,60,100,69,-,과거기록
런징,,2025. 12. 1,2025. 12. 14,15.0,7.0,05:16,3,168,0.0,75,33,,76,60,80,67,-,과거기록
제로,,2025. 12. 1,2025. 12. 14,29.8,8.2,06:07,4,165,0.0,90,38,,65,80,75,71,-,과거기록
익런,,2025. 12. 1,2025. 12. 14,30.1,11.0,05:45,3,158,0.0,90,51,,70,60,63,70,-,과거기록
혀노,,2025. 12. 1,2025. 12. 14,18.0,5.0,05:58,3,171,0.0,78,23,,67,60,84,64,-,과거기록
멀루,,2025. 12. 1,2025. 12. 14,15.8,5.3,06:46,4,165,0.0,76,25,,56,80,75,63,-,과거기록
진원,,2025. 12. 1,2025. 12. 14,23.0,13.0,05:44,2,175,0.0,83,61,,70,40,91,68,-,과거기록
네모러너,,2025. 12. 1,2025. 12. 14,21.2,13.0,06:01,2,178,0.0,81,61,,66,40,96,67,-,과거기록
SJ,,2025. 12. 1,2025. 12. 14,14.4,9.6,05:22,2,173,0.0,72,45,,75,40,88,64,-,과거기록
키키키,,2025. 12. 1,2025. 12. 14,15.9,5.0,07:06,4,164,0.0,76,23,,52,80,73,61,-,과거기록
백화,,2025. 12. 1,2025. 12. 14,22.1,7.0,06:46,4,142,0.0,82,33,,56,80,36,62,-,과거기록
부개동러너,,2025. 12. 1,2025. 12. 14,24.0,10.0,05:41,1,171,0.0,84,47,,71,20,84,62,-,과거기록
순현,,2025. 12. 1,2025. 12. 14,25.8,10.0,07:57,4,171,0.0,86,47,,41,80,85,65,-,과거기록
경민,,2025. 12. 1,2025. 12. 14,20.1,10.1,06:12,2,165,0.0,80,47,,64,40,74,62,-,과거기록
키가케이던스,,2025. 12. 1,2025. 12. 14,14.3,8.1,06:01,2,165,0.0,71,38,,66,40,75,59,-,과거기록
꾸마,,2025. 12. 1,2025. 12. 14,12.9,9.8,06:01,1,176,0.0,65,46,,66,20,93,56,-,과거기록
배당의민족,,2025. 12. 1,2025. 12. 14,13.0,13.0,06:33,1,175,0.0,65,61,,59,20,92,56,-,과거기록
갤러리킴,,2025. 12. 1,2025. 12. 14,8.2,8.2,05:58,1,165,0.0,48,0,48,78,60,85,68,-,과거기록
양봉,,2025. 12. 1,2025. 12. 14,6.0,6.0,06:00,1,170,0.0,38,0,38,77,60,90,66,-,과거기록
스응민,,2025. 12. 1,2025. 12. 14,8.0,8.0,08:52,1,119,0.0,47,0,47,51,60,40,50,-,과거기록
